{
  "12": {
    "queries": [
      "3*4=",
      "2*6=",
      "4*3=",
      "6*2="
    ],
    "layer_similarities": {
      "0": 0.9970058065627487,
      "2": 0.9968926453846795,
      "4": 0.9932577135810541,
      "6": 0.9849462197199278,
      "8": 0.9856205321798398,
      "10": 0.9796177008567852,
      "12": 0.9784243574391013,
      "14": 0.9890653699406581,
      "16": 0.9896293404413306,
      "18": 0.9902855753282012,
      "20": 0.9556562404956176,
      "22": 0.9682620006423727,
      "23": 0.9991944031977961
    },
    "convergence_layer": 23,
    "convergence_delta": 0.0309324025554234
  },
  "24": {
    "queries": [
      "3*8=",
      "4*6=",
      "8*3=",
      "6*4="
    ],
    "layer_similarities": {
      "0": 0.9991143903019605,
      "2": 0.9955396364060111,
      "4": 0.994197428982683,
      "6": 0.9926116463231848,
      "8": 0.986789809554808,
      "10": 0.982977188491207,
      "12": 0.9837504435599635,
      "14": 0.9932104585901474,
      "16": 0.9879485004367488,
      "18": 0.9948848475656887,
      "20": 0.9487480240875704,
      "22": 0.9594967622057468,
      "23": 0.9907990071831011
    },
    "convergence_layer": 23,
    "convergence_delta": 0.03130224497735434
  },
  "36": {
    "queries": [
      "4*9=",
      "6*6=",
      "9*4="
    ],
    "layer_similarities": {
      "0": 0.9957266870489595,
      "2": 0.9948930296754631,
      "4": 0.9882419606175755,
      "6": 0.9848001501219453,
      "8": 0.9813796279105017,
      "10": 0.9749787199976915,
      "12": 0.9784091231679873,
      "14": 0.9889603705427555,
      "16": 0.9883977602246121,
      "18": 0.9863866905523176,
      "20": 0.9397033932738763,
      "22": 0.9400448505832767,
      "23": 0.9906564571813002
    },
    "convergence_layer": 23,
    "convergence_delta": 0.05061160659802355
  },
  "56": {
    "queries": [
      "7*8=",
      "8*7="
    ],
    "layer_similarities": {
      "0": 0.9952564917595015,
      "2": 0.9993318093896608,
      "4": 0.9902413970209786,
      "6": 0.9855455833726681,
      "8": 0.9915698336750827,
      "10": 0.9795918367346866,
      "12": 0.9812318265926474,
      "14": 0.9903288201160522,
      "16": 0.989032901296111,
      "18": 0.9901184887100378,
      "20": 0.9559748427672956,
      "22": 0.9708729301259013,
      "23": 0.9995980476600632
    },
    "convergence_layer": 23,
    "convergence_delta": 0.02872511753416196
  },
  "42": {
    "queries": [
      "6*7=",
      "7*6="
    ],
    "layer_similarities": {
      "0": 0.9945609945605115,
      "2": 1.0027061672124693,
      "4": 0.9933112539774503,
      "6": 0.983170254403101,
      "8": 0.9857370699475823,
      "10": 0.974992814027012,
      "12": 0.9778822523773868,
      "14": 0.991698948533479,
      "16": 0.9858308919720665,
      "18": 0.9917054051590555,
      "20": 0.9687130052426856,
      "22": 0.980269989615784,
      "23": 0.996699111299196
    },
    "convergence_layer": 23,
    "convergence_delta": 0.01642912168341193
  },
  "18": {
    "queries": [
      "2*9=",
      "3*6=",
      "9*2=",
      "6*3="
    ],
    "layer_similarities": {
      "0": 0.9945585456267073,
      "2": 0.9941786646085143,
      "4": 0.9912596800467811,
      "6": 0.9883159800459523,
      "8": 0.9836867430991444,
      "10": 0.9789180756915788,
      "12": 0.9768440515194169,
      "14": 0.9848240337750808,
      "16": 0.992149227913463,
      "18": 0.983388057404075,
      "20": 0.9496075264604511,
      "22": 0.9519482777781408,
      "23": 0.9899326964924828
    },
    "convergence_layer": 23,
    "convergence_delta": 0.037984418714341994
  }
}