{
  "layer": 24,
  "commutativity": {
    "avg_similarity": 0.9976164505914505,
    "min_similarity": 0.9946039518946297,
    "max_similarity": 0.9994257370243441
  },
  "row_column": {
    "avg_row_similarity": 0.9788215322502485,
    "avg_col_similarity": 0.9824751908951127,
    "avg_random_similarity": 0.9749822116267445
  },
  "conclusion": "COMPUTE"
}