{
  "operation_classification": {
    "-1": 0.25,
    "0": 0.7083333333333334,
    "1": 1.0,
    "2": 1.0,
    "3": 1.0,
    "4": 1.0,
    "5": 1.0,
    "6": 1.0,
    "7": 1.0,
    "8": 1.0,
    "9": 1.0,
    "10": 1.0,
    "11": 1.0,
    "12": 1.0,
    "13": 1.0,
    "14": 1.0,
    "15": 1.0,
    "16": 1.0,
    "17": 1.0,
    "18": 1.0,
    "19": 1.0,
    "20": 1.0,
    "21": 1.0,
    "22": 1.0,
    "23": 1.0,
    "24": 1.0,
    "25": 1.0,
    "26": 1.0,
    "27": 1.0,
    "28": 1.0,
    "29": 1.0,
    "30": 1.0,
    "31": 1.0,
    "32": 1.0,
    "33": 1.0
  },
  "operand_binding": {
    "-1": {
      "op1": 0.08333333333333333,
      "op2": 0.0,
      "diff": 0.08333333333333333
    },
    "0": {
      "op1": 0.25,
      "op2": 0.16666666666666666,
      "diff": 0.08333333333333334
    },
    "1": {
      "op1": 0.3333333333333333,
      "op2": 1.0,
      "diff": -0.6666666666666667
    },
    "2": {
      "op1": 0.9166666666666666,
      "op2": 1.0,
      "diff": -0.08333333333333337
    },
    "3": {
      "op1": 0.9166666666666666,
      "op2": 1.0,
      "diff": -0.08333333333333337
    },
    "4": {
      "op1": 1.0,
      "op2": 1.0,
      "diff": 0.0
    },
    "5": {
      "op1": 1.0,
      "op2": 1.0,
      "diff": 0.0
    },
    "6": {
      "op1": 1.0,
      "op2": 1.0,
      "diff": 0.0
    },
    "7": {
      "op1": 1.0,
      "op2": 1.0,
      "diff": 0.0
    },
    "8": {
      "op1": 1.0,
      "op2": 1.0,
      "diff": 0.0
    },
    "9": {
      "op1": 1.0,
      "op2": 1.0,
      "diff": 0.0
    },
    "10": {
      "op1": 1.0,
      "op2": 1.0,
      "diff": 0.0
    },
    "11": {
      "op1": 0.9166666666666666,
      "op2": 1.0,
      "diff": -0.08333333333333337
    },
    "12": {
      "op1": 0.9166666666666666,
      "op2": 1.0,
      "diff": -0.08333333333333337
    },
    "13": {
      "op1": 1.0,
      "op2": 1.0,
      "diff": 0.0
    },
    "14": {
      "op1": 1.0,
      "op2": 1.0,
      "diff": 0.0
    },
    "15": {
      "op1": 0.9166666666666666,
      "op2": 0.9166666666666666,
      "diff": 0.0
    },
    "16": {
      "op1": 1.0,
      "op2": 0.8333333333333334,
      "diff": 0.16666666666666663
    },
    "17": {
      "op1": 1.0,
      "op2": 0.8333333333333334,
      "diff": 0.16666666666666663
    },
    "18": {
      "op1": 0.9166666666666666,
      "op2": 1.0,
      "diff": -0.08333333333333337
    },
    "19": {
      "op1": 0.9166666666666666,
      "op2": 0.8333333333333334,
      "diff": 0.08333333333333326
    },
    "20": {
      "op1": 0.9166666666666666,
      "op2": 0.8333333333333334,
      "diff": 0.08333333333333326
    },
    "21": {
      "op1": 0.16666666666666666,
      "op2": 0.75,
      "diff": -0.5833333333333334
    },
    "22": {
      "op1": 0.16666666666666666,
      "op2": 0.6666666666666666,
      "diff": -0.5
    },
    "23": {
      "op1": 0.08333333333333333,
      "op2": 0.5833333333333334,
      "diff": -0.5
    },
    "24": {
      "op1": 0.08333333333333333,
      "op2": 0.5833333333333334,
      "diff": -0.5
    },
    "25": {
      "op1": 0.08333333333333333,
      "op2": 0.5833333333333334,
      "diff": -0.5
    },
    "26": {
      "op1": 0.08333333333333333,
      "op2": 0.4166666666666667,
      "diff": -0.33333333333333337
    },
    "27": {
      "op1": 0.08333333333333333,
      "op2": 0.4166666666666667,
      "diff": -0.33333333333333337
    },
    "28": {
      "op1": 0.08333333333333333,
      "op2": 0.4166666666666667,
      "diff": -0.33333333333333337
    },
    "29": {
      "op1": 0.08333333333333333,
      "op2": 0.3333333333333333,
      "diff": -0.25
    },
    "30": {
      "op1": 0.08333333333333333,
      "op2": 0.25,
      "diff": -0.16666666666666669
    },
    "31": {
      "op1": 0.08333333333333333,
      "op2": 0.25,
      "diff": -0.16666666666666669
    },
    "32": {
      "op1": 0.08333333333333333,
      "op2": 0.3333333333333333,
      "diff": -0.25
    },
    "33": {
      "op1": 0.3333333333333333,
      "op2": 0.3333333333333333,
      "diff": 0.0
    }
  },
  "answer_crystallization": {
    "-1": {
      "accuracy": 0.0,
      "entropy": 3.3345735177993543,
      "crystallized": false
    },
    "0": {
      "accuracy": 0.0,
      "entropy": 3.292267943071979,
      "crystallized": false
    },
    "1": {
      "accuracy": 0.0,
      "entropy": 1.7570104702162455,
      "crystallized": false
    },
    "2": {
      "accuracy": 0.0,
      "entropy": 1.8076468672177057,
      "crystallized": false
    },
    "3": {
      "accuracy": 0.0,
      "entropy": 1.57540994673334,
      "crystallized": false
    },
    "4": {
      "accuracy": 0.0,
      "entropy": 1.5744743017958143,
      "crystallized": false
    },
    "5": {
      "accuracy": 0.0,
      "entropy": 1.5932375878560112,
      "crystallized": false
    },
    "6": {
      "accuracy": 0.0,
      "entropy": 1.2980053207883926,
      "crystallized": false
    },
    "7": {
      "accuracy": 0.0,
      "entropy": 1.369688255713838,
      "crystallized": false
    },
    "8": {
      "accuracy": 0.0,
      "entropy": 1.1845398184006262,
      "crystallized": false
    },
    "9": {
      "accuracy": 0.0,
      "entropy": 0.8272972282199557,
      "crystallized": false
    },
    "10": {
      "accuracy": 0.0,
      "entropy": 0.9006415770659871,
      "crystallized": false
    },
    "11": {
      "accuracy": 0.0,
      "entropy": 0.592897713941095,
      "crystallized": false
    },
    "12": {
      "accuracy": 0.0,
      "entropy": 0.7440776354981504,
      "crystallized": false
    },
    "13": {
      "accuracy": 0.0,
      "entropy": 0.7640995526449043,
      "crystallized": false
    },
    "14": {
      "accuracy": 0.0,
      "entropy": 0.8318073617174367,
      "crystallized": false
    },
    "15": {
      "accuracy": 0.0,
      "entropy": 0.6732127338225844,
      "crystallized": false
    },
    "16": {
      "accuracy": 0.0,
      "entropy": 0.744324640059956,
      "crystallized": false
    },
    "17": {
      "accuracy": 0.0,
      "entropy": 0.3718500142198149,
      "crystallized": false
    },
    "18": {
      "accuracy": 0.4166666666666667,
      "entropy": 0.7731750122105246,
      "crystallized": false
    },
    "19": {
      "accuracy": 0.4166666666666667,
      "entropy": 0.5073462676597658,
      "crystallized": false
    },
    "20": {
      "accuracy": 0.5,
      "entropy": 0.35320615090666235,
      "crystallized": false
    },
    "21": {
      "accuracy": 0.8333333333333334,
      "entropy": 0.05187786253883094,
      "crystallized": false
    },
    "22": {
      "accuracy": 0.8333333333333334,
      "entropy": 0.12694898250958658,
      "crystallized": false
    },
    "23": {
      "accuracy": 0.8333333333333334,
      "entropy": 0.14116900314934716,
      "crystallized": false
    },
    "24": {
      "accuracy": 0.8333333333333334,
      "entropy": 0.13133899978112573,
      "crystallized": false
    },
    "25": {
      "accuracy": 0.8333333333333334,
      "entropy": 0.11718381580798187,
      "crystallized": false
    },
    "26": {
      "accuracy": 0.9166666666666666,
      "entropy": 0.10207408820742413,
      "crystallized": true
    },
    "27": {
      "accuracy": 0.9166666666666666,
      "entropy": 0.06731273539529864,
      "crystallized": true
    },
    "28": {
      "accuracy": 0.9166666666666666,
      "entropy": 0.03379100402479187,
      "crystallized": true
    },
    "29": {
      "accuracy": 0.9166666666666666,
      "entropy": 0.0026722107653714897,
      "crystallized": true
    },
    "30": {
      "accuracy": 0.9166666666666666,
      "entropy": 0.00377963890704102,
      "crystallized": true
    },
    "31": {
      "accuracy": 0.9166666666666666,
      "entropy": 0.005433780572857966,
      "crystallized": true
    },
    "32": {
      "accuracy": 0.9166666666666666,
      "entropy": 0.004552779627505939,
      "crystallized": true
    },
    "33": {
      "accuracy": 0.9166666666666666,